<?xml version="1.0" encoding="UTF-8"?>
<!DOCTYPE hibernate-configuration PUBLIC "-//Hibernate/Hibernate Configuration DTD 3.0.dtd" "http://www.hibernate.org/dtd/hibernate-configuration-3.0.dtd">

<hibernate-configuration>
   <session-factory>
     <property name= "connection.driver_class">com.mysql.cj.jdbc.Driver</property>
      <property name="connection.url">jdbc:mysql://localhost/hiber</property>
      <property name="dialect">org.hibernate.dialect.MYSQL8Dialect</property>
      <property name="connection.username">root</property>
      <property name="connection.password">M!ayankpadhi#0#</property>
      <property name="connection.pool_size">3</property>
      <property name="current_session_context_class">thread</property>
      <property name="show_sql">true</property>
      <property name="format_sql">true</property>
      <property name="hbm2ddl.auto">create</property>
      <mapping  class="com.adder.AddingInfo"/>
   
    </session-factory>
</hibernate-configuration>